domain_name,output_rank
google.com.,1
akadns.net.,2
gstatic.com.,3
facebook.com.,4
microsoft.com.,5
akamai.com.,6
whatsapp.net.,7
apple.com.,8
fbcdn.net.,9
play.googleapis.com.,10
googleusercontent.com.,11
bing.com.,12
microsoftonline.com.,13
doubleclick.net.,14
digicert.com.,15
akamai-zt.com.,16
office.com.,17
ytimg.com.,18
update.googleapis.com.,19
msn.com.,20
googleapis.com.,21
www.googleapis.com.,22
app-measurement.com.,23
skype.com.,24
office.net.,25
akamai.net.,26
youtube.com.,27
windows.com.,28
aaplimg.com.,29
instagram.com.,30
icloud.com.,31
cloud.microsoft.,32
officeapps.live.com.,33
apple-dns.net.,34
safebrowsing.googleapis.com.,35
ntp.org.,36
optimizationguide-pa.googleapis.com.,37
windowsupdate.com.,38
gvt2.com.,39
maersk.io.,40
googlevideo.com.,41
youtubei.googleapis.com.,42
clientservices.googleapis.com.,43
cloudflare.com.,44
akamaiedge.net.,45
esc5.net.,46
googlesyndication.com.,47
tiktokv.com.,48
windows.net.,49
cib.com.cn.,50
notifications-pa.googleapis.com.,51
appsflyersdk.com.,52
amazonaws.com.,53
gvt1.com.,54
office365.com.,55
googletagmanager.com.,56
play-fe.googleapis.com.,57
login.live.com.,58
googleadservices.com.,59
akamaized.net.,60
adobedtm.com.,61
firebaselogging-pa.googleapis.com.,62
android.googleapis.com.,63
firebaseremoteconfig.googleapis.com.,64
tiktokcdn.com.,65
fonts.googleapis.com.,66
google-analytics.com.,67
ggpht.com.,68
crashlytics.com.,69
content-autofill.googleapis.com.,70
static.microsoft.,71
line-apps.com.,72
sfx.ms.,73
azure.com.,74
prod-lt-playstoregatewayadapter-pa.googleapis.com.,75
fastly-edge.com.,76
churchofjesuschrist.org.,77
firebaseinstallations.googleapis.com.,78
geller-pa.googleapis.com.,79
zscalertwo.net.,80
qq.com.,81
aa-rt.sharepoint.com.,82
people-pa.googleapis.com.,83
whatsapp.com.,84
app-analytics-services.com.,85
android.com.,86
cdn-apple.com.,87
sentry.io.,88
playstoregatewayadapter-pa.googleapis.com.,89
yahoo.com.,90
live.com.,91
discover-pa.googleapis.com.,92
cloudsink.net.,93
spot-pa.googleapis.com.,94
pki.goog.,95
scorecardresearch.com.,96
taskassist-pa.googleapis.com.,97
azureedge.net.,98
firebaselogging.googleapis.com.,99
outlook.com.,100
paypal.com.,101
moba.net.,102
dell.com.,103
lencr.org.,104
cdninstagram.com.,105
exp-tas.com.,106
demdex.net.,107
facebook.net.,108
samsung.com.,109
linkedin.com.,110
mzstatic.com.,111
qualys.eu.,112
g.live.com.,113
googletagservices.com.,114
oauthaccountmanager.googleapis.com.,115
applovin.com.,116
searchnotifications-pa.googleapis.com.,117
adtrafficquality.google.,118
amazon-adsystem.com.,119
pangle.io.,120
criteo.com.,121
appcenter.ms.,122
adnxs.com.,123
safebrowsing.apple.,124
fnop.net.,125
svc.ms.,126
ipv4only.arpa.,127
vungle.com.,128
samsungcloud.com.,129
apple.map.fastly.net.,130
peoplestack-pa.googleapis.com.,131
taboola.com.,132
msedge.net.,133
alssys.vn.,134
spotify.com.,135
meetings.googleapis.com.,136
inmobi.com.,137
msftconnecttest.com.,138
maersk.net.,139
ampproject.org.,140
3gppnetwork.org.,141
cloudflare.net.,142
illusionblack.com.,143
i18n-pglstatp.com.,144
akamaihd.net.,145
branch.io.,146
adobe.com.,147
crashlyticsreports-pa.googleapis.com.,148
xgapromomanager-pa.googleapis.com.,149
pubmatic.com.,150
nelreports.net.,151
rubiconproject.com.,152
adsrvr.org.,153
unity3d.com.,154
shopeemobile.com.,155
azurefd.net.,156
proactivebackend-pa.googleapis.com.,157
netflix.com.,158
playatoms-pa.googleapis.com.,159
zscaler.com.,160
damco.com.,161
taobao.com.,162
firebaseremoteconfigrealtime.googleapis.com.,163
zdxcloud.net.,164
mobilemaps-pa-gz.googleapis.com.,165
jsdelivr.net.,166
mobileconfiguration-pa.googleapis.com.,167
zscaler.net.,168
omtrdc.net.,169
clarity.ms.,170
2mdn.net.,171
giphy.com.,172
danaccess.net.,173
dmw.gov.ph.,174
heytapmobile.com.,175
susercontent.com.,176
oauth2.googleapis.com.,177
licdn.com.,178
live.net.,179
weather.com.,180
macys.net.,181
xiaomi.com.,182
casalemedia.com.,183
twitter.com.,184
voilatile-pa.googleapis.com.,185
msftauth.net.,186
amazon.com.,187
storage.googleapis.com.,188
jnn-pa.googleapis.com.,189
kghcustoms.com.,190
googlezip.net.,191
adobe.io.,192
tiktok.com.,193
network-auth.com.,194
adsafeprotected.com.,195
tpp.com.pe.,196
ibyteimg.com.,197
openx.net.,198
msftncsi.com.,199
photosdata-pa.googleapis.com.,200
chatgpt.com.,201
geomobileservices-pa.googleapis.com.,202
heytapdl.com.,203
bidswitch.net.,204
smartadserver.com.,205
tiktokpangle.us.,206
trafficmanager.net.,207
baidu.com.,208
instantmessaging-pa.googleapis.com.,209
locationhistory-pa.googleapis.com.,210
azure.net.,211
doubleverify.com.,212
capcutapi.com.,213
samsungapps.com.,214
amp-endpoint3.com.,215
creativecdn.com.,216
accountcapabilities-pa.googleapis.com.,217
everesttech.net.,218
resolver.arpa.,219
3lift.com.,220
gmail.com.,221
amp-endpoint2.com.,222
cloudflareinsights.com.,223
aliyun.com.,224
msauth.net.,225
outbrain.com.,226
footprints-pa.googleapis.com.,227
nr-data.net.,228
google.cn.,229
chromewebstore.googleapis.com.,230
launchdarkly.com.,231
oneget.org.,232
passwordsleakcheck-pa.googleapis.com.,233
android-context-data.googleapis.com.,234
browser-intake-datadoghq.com.,235
nearbysharing-pa.googleapis.com.,236
media.net.,237
id5-sync.com.,238
criteo.net.,239
line-scdn.net.,240
miui.com.,241
onesignal.com.,242
qq.com.cn.,243
opera.com.,244
adjust.com.,245
teads.tv.,246
mtgglobals.com.,247
crwdcntrl.net.,248
allawnos.com.,249
rlcdn.com.,250
shopee.io.,251
alicdn.com.,252
deviceintegritytokens-pa.googleapis.com.,253
360yield.com.,254
temu.com.,255
icloud-content.com.,256
msftstatic.com.,257
imasdk.googleapis.com.,258
moloco.com.,259
appsflyer.com.,260
adform.net.,261
yandex.net.,262
garena.com.,263
1rx.io.,264
userlocation.googleapis.com.,265
safebrowsingohttpgateway.googleapis.com.,266
root-servers.net.,267
shopee.sg.,268
webex.com.,269
wbx2.com.,270
bugsnag.com.,271
quantserve.com.,272
s-microsoft.com.,273
tapad.com.,274
alipay.com.,275
go-mpulse.net.,276
mediatek.com.,277
wechat.com.,278
byteoversea.net.,279
byteglb.com.,280
searchlabspartnerservice-pa.googleapis.com.,281
maps.googleapis.com.,282
app-analytics-services-att.com.,283
csp.withgoogle.com.,284
ipify.org.,285
notifications-ueeshp-pa.googleapis.com.,286
locationhistoryplacedetails-pa.googleapis.com.,287
cookielaw.org.,288
aliyuncs.com.,289
33across.com.,290
pinterest.com.,291
sharethrough.com.,292
amplitude.com.,293
trustarc.com.,294
digitalassetlinks.googleapis.com.,295
edgesuite.net.,296
qualtrics.com.,297
lijit.com.,298
ttdns2.com.,299
semanticlocation-pa.googleapis.com.,300
stackadapt.com.,301
federatedcompute-pa.googleapis.com.,302
samsungosp.com.,303
onenote.net.,304
androidplatformbackuprestore-pa.googleapis.com.,305
smaato.net.,306
pubsub.googleapis.com.,307
snapchat.com.,308
restrictedapps-pa.googleapis.com.,309
force.com.,310
sc-gw.com.,311
newrelic.com.,312
dns.google.,313
xboxlive.com.,314
tiktokcdn-eu.com.,315
shopee.com.my.,316
dccnet.com.cn.,317
vivoglobal.com.,318
xiaomi.net.,319
agkn.com.,320
bytefcdn-oversea.com.,321
t-msedge.net.,322
yandex.ru.,323
alibabadns.com.,324
sharepointonline.com.,325
adobedc.net.,326
translate.googleapis.com.,327
snapkit.com.,328
dotomi.com.,329
voledevice-pa.googleapis.com.,330
phonedeviceverification-pa.googleapis.com.,331
ajax.googleapis.com.,332
meta.app.,333
translate-pa.googleapis.com.,334
braze.com.,335
cloudflare-dns.com.,336
messenger.com.,337
salesforce.com.,338
onetag-sys.com.,339
bidr.io.,340
microsoftonline.us.,341
pay-users-pa.googleapis.com.,342
zemanta.com.,343
mi.com.,344
jquery.com.,345
fbpigeon.com.,346
turn.com.,347
onetrust.com.,348
mixpanel.com.,349
reddit.com.,350
securitydomain-pa.googleapis.com.,351
zoom.us.,352
lamssettings-pa.googleapis.com.,353
atlassian.com.,354
inner-active.mobi.,355
stickyadstv.com.,356
qlivecdn.com.,357
xboxservices.com.,358
tiktokcdn-us.com.,359
growth-pa.googleapis.com.,360
a-mo.net.,361
ncca.mil.,362
samsungdm.com.,363
pinimg.com.,364
a2z.com.,365
yieldmo.com.,366
t.co.,367
fwmrm.net.,368
appier.net.,369
lazada.com.,370
unrulymedia.com.,371
line.me.,372
adsmoloco.com.,373
nist.gov.,374
hotjar.com.,375
mobilemaps.googleapis.com.,376
indexww.com.,377
addons-pa.googleapis.com.,378
admanmedia.com.,379
yammer.com.,380
calendarpushsubscription-pa.googleapis.com.,381
tizen.org.,382
contextweb.com.,383
heytapmobi.com.,384
loopme.me.,385
nflxso.net.,386
usabilla.com.,387
edgekey.net.,388
twimg.com.,389
int08h.com.,390
locationhistoryaggregates-pa.googleapis.com.,391
globalsign.com.,392
speechs3proto2-pa.googleapis.com.,393
ndcpp-os.com.,394
liadm.com.,395
msn.cn.,396
omnitagjs.com.,397
avcdn.net.,398
presage.io.,399
ogads-pa.googleapis.com.,400
eu-1-id5-sync.com.,401
securetoken.googleapis.com.,402
drivefrontend-pa.googleapis.com.,403
typekit.net.,404
gsu.edu.,405
example.com.,406
mediago.io.,407
sitescout.com.,408
liftoff-creatives.io.,409
gvt3.com.,410
recaptcha.net.,411
scdn.co.,412
tiktokw.us.,413
oaistatic.com.,414
pure.cloud.,415
spotifycdn.com.,416
clienttracing-pa.googleapis.com.,417
readaloud.googleapis.com.,418
bing.net.,419
yimg.com.,420
tiktokrow-cdn.com.,421
intercom.io.,422
firebaseinappmessaging.googleapis.com.,423
footprintdns.com.,424
sentinelone.net.,425
firestore.googleapis.com.,426
sectigo.com.,427
roblox.com.,428
simpli.fi.,429
liftoff.io.,430
ln-msedge.net.,431
me.com.,432
unpkg.com.,433
shalltry.com.,434
yahoodns.net.,435
deepintent.com.,436
fb.com.,437
mozilla.org.,438
cdngslb.com.,439
avast.com.,440
rocket-cdn.com.,441
richaudience.com.,442
byteoversea.com.,443
ureca-lab.com.,444
clevertap-prod.com.,445
ondevicesafety-pa.googleapis.com.,446
adkernel.com.,447
cisco.com.,448
tencent-cloud.net.,449
wikipedia.org.,450
myqcloud.com.,451
bytedance.map.fastly.net.,452
asjo.org.,453
ttlivecdn.com.,454
google.us.,455
google.com.hk.,456
content-storage-upload.googleapis.com.,457
visualstudio.com.,458
instantmessaging-pa-jms-us.googleapis.com.,459
seedtag.com.,460
decibelinsight.net.,461
spotxchange.com.,462
lazcdn.com.,463
yellowblue.io.,464
gos-gsp.io.,465
androidpay-users-pa.googleapis.com.,466
microsoft365.com.,467
ovscdns.com.,468
gumgum.com.,469
rfihub.com.,470
cloudfront.net.,471
mfadsrvr.com.,472
alibaba.com.,473
ipredictive.com.,474
ibytedtos.com.,475
optimizely.com.,476
aadrm.com.,477
connatix.com.,478
feedback-pa.googleapis.com.,479
4dex.io.,480
fontawesome.com.,481
shopee.co.th.,482
amazontrust.com.,483
photos.googleapis.com.,484
hpdaas.com.,485
google.com.br.,486
mcafee.com.,487
mookie1.com.,488
postrelease.com.,489
tremorhub.com.,490
grammarly.com.,491
mathtag.com.,492
adgrx.com.,493
microsoftpersonalcontent.com.,494
amazon.dev.,495
tiqcdn.com.,496
singular.net.,497
dynatrace.com.,498
ads-twitter.com.,499
mozilla.com.,500